date,indicator,value,unit,series_code
2026-02-02,ipca_monthly,0.7000,pct_per_month,433
2026-02-02,selic_target,15.0000,pct_per_year,432
2026-02-03,ipca_monthly,0.7000,pct_per_month,433
2026-02-03,selic_target,15.0000,pct_per_year,432
2026-02-04,ipca_monthly,0.7000,pct_per_month,433
2026-02-04,selic_target,15.0000,pct_per_year,432
2026-02-05,ipca_monthly,0.7000,pct_per_month,433
2026-02-05,selic_target,15.0000,pct_per_year,432
2026-02-06,ipca_monthly,0.7000,pct_per_month,433
2026-02-06,selic_target,15.0000,pct_per_year,432
2026-02-09,ipca_monthly,0.7000,pct_per_month,433
2026-02-09,selic_target,15.0000,pct_per_year,432
2026-02-10,ipca_monthly,0.7000,pct_per_month,433
2026-02-10,selic_target,15.0000,pct_per_year,432
2026-02-11,ipca_monthly,0.7000,pct_per_month,433
2026-02-11,selic_target,15.0000,pct_per_year,432
2026-02-12,ipca_monthly,0.7000,pct_per_month,433
2026-02-12,selic_target,15.0000,pct_per_year,432
2026-02-13,ipca_monthly,0.7000,pct_per_month,433
2026-02-13,selic_target,15.0000,pct_per_year,432
2026-02-16,ipca_monthly,0.7000,pct_per_month,433
2026-02-16,selic_target,15.0000,pct_per_year,432
2026-02-17,ipca_monthly,0.7000,pct_per_month,433
2026-02-17,selic_target,15.0000,pct_per_year,432
2026-02-18,ipca_monthly,0.7000,pct_per_month,433
2026-02-18,selic_target,15.0000,pct_per_year,432
2026-02-19,ipca_monthly,0.7000,pct_per_month,433
2026-02-19,selic_target,15.0000,pct_per_year,432
2026-02-20,ipca_monthly,0.7000,pct_per_month,433
2026-02-20,selic_target,15.0000,pct_per_year,432
2026-02-23,ipca_monthly,0.7000,pct_per_month,433
2026-02-23,selic_target,15.0000,pct_per_year,432
2026-02-24,ipca_monthly,0.7000,pct_per_month,433
2026-02-24,selic_target,15.0000,pct_per_year,432
2026-02-25,ipca_monthly,0.7000,pct_per_month,433
2026-02-25,selic_target,15.0000,pct_per_year,432
2026-02-26,ipca_monthly,0.7000,pct_per_month,433
2026-02-26,selic_target,15.0000,pct_per_year,432
2026-02-27,ipca_monthly,0.7000,pct_per_month,433
2026-02-27,selic_target,15.0000,pct_per_year,432
2026-03-02,ipca_monthly,0.8800,pct_per_month,433
2026-03-02,selic_target,15.0000,pct_per_year,432
2026-03-03,ipca_monthly,0.8800,pct_per_month,433
2026-03-03,selic_target,15.0000,pct_per_year,432
2026-03-04,ipca_monthly,0.8800,pct_per_month,433
2026-03-04,selic_target,15.0000,pct_per_year,432
2026-03-05,ipca_monthly,0.8800,pct_per_month,433
2026-03-05,selic_target,15.0000,pct_per_year,432
2026-03-06,ipca_monthly,0.8800,pct_per_month,433
2026-03-06,selic_target,15.0000,pct_per_year,432
2026-03-09,ipca_monthly,0.8800,pct_per_month,433
2026-03-09,selic_target,15.0000,pct_per_year,432
2026-03-10,ipca_monthly,0.8800,pct_per_month,433
2026-03-10,selic_target,15.0000,pct_per_year,432
2026-03-11,ipca_monthly,0.8800,pct_per_month,433
2026-03-11,selic_target,15.0000,pct_per_year,432
2026-03-12,ipca_monthly,0.8800,pct_per_month,433
2026-03-12,selic_target,15.0000,pct_per_year,432
2026-03-13,ipca_monthly,0.8800,pct_per_month,433
2026-03-13,selic_target,15.0000,pct_per_year,432
2026-03-16,ipca_monthly,0.8800,pct_per_month,433
2026-03-16,selic_target,15.0000,pct_per_year,432
2026-03-17,ipca_monthly,0.8800,pct_per_month,433
2026-03-17,selic_target,15.0000,pct_per_year,432
2026-03-18,ipca_monthly,0.8800,pct_per_month,433
2026-03-18,selic_target,15.0000,pct_per_year,432
2026-03-19,ipca_monthly,0.8800,pct_per_month,433
2026-03-19,selic_target,14.7500,pct_per_year,432
2026-03-20,ipca_monthly,0.8800,pct_per_month,433
2026-03-20,selic_target,14.7500,pct_per_year,432
2026-03-23,ipca_monthly,0.8800,pct_per_month,433
2026-03-23,selic_target,14.7500,pct_per_year,432
2026-03-24,ipca_monthly,0.8800,pct_per_month,433
2026-03-24,selic_target,14.7500,pct_per_year,432
2026-03-25,ipca_monthly,0.8800,pct_per_month,433
2026-03-25,selic_target,14.7500,pct_per_year,432
2026-03-26,ipca_monthly,0.8800,pct_per_month,433
2026-03-26,selic_target,14.7500,pct_per_year,432
2026-03-27,ipca_monthly,0.8800,pct_per_month,433
2026-03-27,selic_target,14.7500,pct_per_year,432
2026-03-30,ipca_monthly,0.8800,pct_per_month,433
2026-03-30,selic_target,14.7500,pct_per_year,432
2026-03-31,ipca_monthly,0.8800,pct_per_month,433
2026-03-31,selic_target,14.7500,pct_per_year,432
2026-04-01,ipca_monthly,0.6700,pct_per_month,433
2026-04-01,selic_target,14.7500,pct_per_year,432
2026-04-02,ipca_monthly,0.6700,pct_per_month,433
2026-04-02,selic_target,14.7500,pct_per_year,432
2026-04-03,ipca_monthly,0.6700,pct_per_month,433
2026-04-03,selic_target,14.7500,pct_per_year,432
2026-04-06,ipca_monthly,0.6700,pct_per_month,433
2026-04-06,selic_target,14.7500,pct_per_year,432
2026-04-07,ipca_monthly,0.6700,pct_per_month,433
2026-04-07,selic_target,14.7500,pct_per_year,432
2026-04-08,ipca_monthly,0.6700,pct_per_month,433
2026-04-08,selic_target,14.7500,pct_per_year,432
2026-04-09,ipca_monthly,0.6700,pct_per_month,433
2026-04-09,selic_target,14.7500,pct_per_year,432
2026-04-10,ipca_monthly,0.6700,pct_per_month,433
2026-04-10,selic_target,14.7500,pct_per_year,432
2026-04-13,ipca_monthly,0.6700,pct_per_month,433
2026-04-13,selic_target,14.7500,pct_per_year,432
2026-04-14,ipca_monthly,0.6700,pct_per_month,433
2026-04-14,selic_target,14.7500,pct_per_year,432
2026-04-15,ipca_monthly,0.6700,pct_per_month,433
2026-04-15,selic_target,14.7500,pct_per_year,432
2026-04-16,ipca_monthly,0.6700,pct_per_month,433
2026-04-16,selic_target,14.7500,pct_per_year,432
2026-04-17,ipca_monthly,0.6700,pct_per_month,433
2026-04-17,selic_target,14.7500,pct_per_year,432
2026-04-20,ipca_monthly,0.6700,pct_per_month,433
2026-04-20,selic_target,14.7500,pct_per_year,432
2026-04-21,ipca_monthly,0.6700,pct_per_month,433
2026-04-21,selic_target,14.7500,pct_per_year,432
2026-04-22,ipca_monthly,0.6700,pct_per_month,433
2026-04-22,selic_target,14.7500,pct_per_year,432
2026-04-23,ipca_monthly,0.6700,pct_per_month,433
2026-04-23,selic_target,14.7500,pct_per_year,432
2026-04-24,ipca_monthly,0.6700,pct_per_month,433
2026-04-24,selic_target,14.7500,pct_per_year,432
2026-04-27,ipca_monthly,0.6700,pct_per_month,433
2026-04-27,selic_target,14.7500,pct_per_year,432
2026-04-28,ipca_monthly,0.6700,pct_per_month,433
2026-04-28,selic_target,14.7500,pct_per_year,432
2026-04-29,ipca_monthly,0.6700,pct_per_month,433
2026-04-29,selic_target,14.7500,pct_per_year,432
2026-04-30,ipca_monthly,0.6700,pct_per_month,433
2026-04-30,selic_target,14.5000,pct_per_year,432
2026-05-01,ipca_monthly,0.5800,pct_per_month,433
2026-05-01,selic_target,14.5000,pct_per_year,432
2026-05-04,ipca_monthly,0.5800,pct_per_month,433
2026-05-04,selic_target,14.5000,pct_per_year,432
2026-05-05,ipca_monthly,0.5800,pct_per_month,433
2026-05-05,selic_target,14.5000,pct_per_year,432
2026-05-06,ipca_monthly,0.5800,pct_per_month,433
2026-05-06,selic_target,14.5000,pct_per_year,432
2026-05-07,ipca_monthly,0.5800,pct_per_month,433
2026-05-07,selic_target,14.5000,pct_per_year,432
2026-05-08,ipca_monthly,0.5800,pct_per_month,433
2026-05-08,selic_target,14.5000,pct_per_year,432
2026-05-11,ipca_monthly,0.5800,pct_per_month,433
2026-05-11,selic_target,14.5000,pct_per_year,432
2026-05-12,ipca_monthly,0.5800,pct_per_month,433
2026-05-12,selic_target,14.5000,pct_per_year,432
2026-05-13,ipca_monthly,0.5800,pct_per_month,433
2026-05-13,selic_target,14.5000,pct_per_year,432
2026-05-14,ipca_monthly,0.5800,pct_per_month,433
2026-05-14,selic_target,14.5000,pct_per_year,432
2026-05-15,ipca_monthly,0.5800,pct_per_month,433
2026-05-15,selic_target,14.5000,pct_per_year,432
2026-05-18,ipca_monthly,0.5800,pct_per_month,433
2026-05-18,selic_target,14.5000,pct_per_year,432
2026-05-19,ipca_monthly,0.5800,pct_per_month,433
2026-05-19,selic_target,14.5000,pct_per_year,432
2026-05-20,ipca_monthly,0.5800,pct_per_month,433
2026-05-20,selic_target,14.5000,pct_per_year,432
2026-05-21,ipca_monthly,0.5800,pct_per_month,433
2026-05-21,selic_target,14.5000,pct_per_year,432
2026-05-22,ipca_monthly,0.5800,pct_per_month,433
2026-05-22,selic_target,14.5000,pct_per_year,432
2026-05-25,ipca_monthly,0.5800,pct_per_month,433
2026-05-25,selic_target,14.5000,pct_per_year,432
2026-05-26,ipca_monthly,0.5800,pct_per_month,433
2026-05-26,selic_target,14.5000,pct_per_year,432
2026-05-27,ipca_monthly,0.5800,pct_per_month,433
2026-05-27,selic_target,14.5000,pct_per_year,432
2026-05-28,ipca_monthly,0.5800,pct_per_month,433
2026-05-28,selic_target,14.5000,pct_per_year,432
2026-05-29,ipca_monthly,0.5800,pct_per_month,433
2026-05-29,selic_target,14.5000,pct_per_year,432
2026-06-01,ipca_monthly,0.1600,pct_per_month,433
2026-06-01,selic_target,14.5000,pct_per_year,432
2026-06-02,ipca_monthly,0.1600,pct_per_month,433
2026-06-02,selic_target,14.5000,pct_per_year,432
2026-06-03,ipca_monthly,0.1600,pct_per_month,433
2026-06-03,selic_target,14.5000,pct_per_year,432
2026-06-04,ipca_monthly,0.1600,pct_per_month,433
2026-06-04,selic_target,14.5000,pct_per_year,432
2026-06-05,ipca_monthly,0.1600,pct_per_month,433
2026-06-05,selic_target,14.5000,pct_per_year,432
2026-06-08,ipca_monthly,0.1600,pct_per_month,433
2026-06-08,selic_target,14.5000,pct_per_year,432
2026-06-09,ipca_monthly,0.1600,pct_per_month,433
2026-06-09,selic_target,14.5000,pct_per_year,432
2026-06-10,ipca_monthly,0.1600,pct_per_month,433
2026-06-10,selic_target,14.5000,pct_per_year,432
2026-06-11,ipca_monthly,0.1600,pct_per_month,433
2026-06-11,selic_target,14.5000,pct_per_year,432
2026-06-12,ipca_monthly,0.1600,pct_per_month,433
2026-06-12,selic_target,14.5000,pct_per_year,432
2026-06-15,ipca_monthly,0.1600,pct_per_month,433
2026-06-15,selic_target,14.5000,pct_per_year,432
2026-06-16,ipca_monthly,0.1600,pct_per_month,433
2026-06-16,selic_target,14.5000,pct_per_year,432
2026-06-17,ipca_monthly,0.1600,pct_per_month,433
2026-06-17,selic_target,14.5000,pct_per_year,432
2026-06-18,ipca_monthly,0.1600,pct_per_month,433
2026-06-18,selic_target,14.2500,pct_per_year,432
2026-06-19,ipca_monthly,0.1600,pct_per_month,433
2026-06-19,selic_target,14.2500,pct_per_year,432
2026-06-22,ipca_monthly,0.1600,pct_per_month,433
2026-06-22,selic_target,14.2500,pct_per_year,432
2026-06-23,ipca_monthly,0.1600,pct_per_month,433
2026-06-23,selic_target,14.2500,pct_per_year,432
2026-06-24,ipca_monthly,0.1600,pct_per_month,433
2026-06-24,selic_target,14.2500,pct_per_year,432
2026-06-25,ipca_monthly,0.1600,pct_per_month,433
2026-06-25,selic_target,14.2500,pct_per_year,432
2026-06-26,ipca_monthly,0.1600,pct_per_month,433
2026-06-26,selic_target,14.2500,pct_per_year,432
2026-06-29,ipca_monthly,0.1600,pct_per_month,433
2026-06-29,selic_target,14.2500,pct_per_year,432
2026-06-30,ipca_monthly,0.1600,pct_per_month,433
2026-06-30,selic_target,14.2500,pct_per_year,432
2026-07-01,selic_target,14.2500,pct_per_year,432
2026-07-02,selic_target,14.2500,pct_per_year,432
2026-07-03,selic_target,14.2500,pct_per_year,432
2026-07-06,selic_target,14.2500,pct_per_year,432
2026-07-07,selic_target,14.2500,pct_per_year,432
2026-07-08,selic_target,14.2500,pct_per_year,432
2026-07-09,selic_target,14.2500,pct_per_year,432
2026-07-10,selic_target,14.2500,pct_per_year,432
2026-07-13,selic_target,14.2500,pct_per_year,432
2026-07-14,selic_target,14.2500,pct_per_year,432
2026-07-15,ipca_monthly,0.0700,pct_per_month,433
2026-07-15,selic_target,14.2500,pct_per_year,432
2026-07-16,ipca_monthly,0.0700,pct_per_month,433
2026-07-16,selic_target,14.2500,pct_per_year,432
2026-07-17,ipca_monthly,0.0700,pct_per_month,433
2026-07-17,selic_target,14.2500,pct_per_year,432
2026-07-20,ipca_monthly,0.0700,pct_per_month,433
2026-07-20,selic_target,14.2500,pct_per_year,432
2026-07-21,ipca_monthly,0.0700,pct_per_month,433
2026-07-21,selic_target,14.2500,pct_per_year,432
2026-07-22,ipca_monthly,0.0700,pct_per_month,433
2026-07-22,selic_target,14.2500,pct_per_year,432
